Item Name,Description,Reporting Category,Price,SKU,Sellable,Variation Name,Item Type
Left-Wing Commun...fantile Disorder,Left-Wing Communism: An Infantile Disorder,Books,21.0,M4105695,Y, ,Physical
1917 - La révolution russe,1917 - La révolution russe,Books,10.0,M5656447,Y, ,Physical
Anarquismo y Comunismo,Anarquismo y Comunismo,Books,13.0,M1297171,Y, ,Physical
Anti-Dühring,Anti-Dühring,Books,36.0,M7992829,Y, ,Physical
Art and Revolution,Art and Revolution,Books,25.0,M3376991,Y, ,Physical
Articles from th... Zeitung 1848-49,Articles from the Neue Rheinische Zeitung 1848-49,Books,10.0,M1755581,Y, ,Physical
Balkan Wars: The... of Leon Trotsky,Balkan Wars: The War Correspondence of Leon Trotsky,Books,40.0,M9723267,Y, ,Physical
Bilan et perspec...ion permanente?),Bilan et perspectives (Qu'est-ce que la révolution permanente?),Books,10.0,M1809756,Y, ,Physical
Bolshevism,Bolshevism,Books,40.0,M5894789,Y, ,Physical
Canadian Bolshev... Party of Canada,Canadian Bolsheviks: The Early Years of the Communist Party of Canada,Books,35.0,M2713484,Y, ,Physical
Chartist Revolution,Chartist Revolution,Books,30.0,M8970352,Y, ,Physical
China: From Perm...unter Revolution,China: From Permanent Revolution to Counter Revolution,Books,37.0,M5077279,Y, ,Physical
Class Struggle in the Roman Republic,Class Struggle in the Roman Republic,Books,33.0,M2378754,Y, ,Physical
Classics of Marxism: Volume 1,Classics of Marxism: Volume 1,Books,24.0,M481557,Y, ,Physical
Classics of Marxism: Volume 2,Classics of Marxism: Volume 2,Books,24.0,M2983532,Y, ,Physical
Colossus: The Ri...f US Imperialism,Colossus: The Rise and Decline of US Imperialism,Books,28.0,M8850833,Y, ,Physical
Contre le révisi...ense du marxisme,Contre le révisionnisme pour la défense du marxisme,Books,15.0,M3142072,Y, ,Physical
Contribution to ...olitical Economy,Contribution to the Critique of Political Economy,Books,10.0,M6281021,Y, ,Physical
Crisis of the Fr...ection [1935-36],Crisis of the French Section [1935-36],Books,30.0,M2883768,Y, ,Physical
Dialectics of Nature,Dialectics of Nature,Books,36.0,M5595757,Y, ,Physical
El Estado y la Revolución,El Estado y la Revolución,Books,13.0,M9135337,Y, ,Physical
Empiricism and its Evolution,Empiricism and its Evolution,Books,20.0,M6416168,Y, ,Physical
First Five Years...st International,First Five Years of the Communist International,Books,51.0,M6176791,Y, ,Physical
First World War:... Great Slaughter,First World War: A Marxist Analysis of the Great Slaughter,Books,24.0,M4730190,Y, ,Physical
Germany 1918-193...ism or Barbarism,Germany 1918-1933: Socialism or Barbarism,Books,36.0,M9506079,Y, ,Physical
Germany: From Re...unter-Revolution,Germany: From Revolution to Counter-Revolution,Books,15.0,M4796021,Y, ,Physical
Histoire de la r... russe; volume 1,Histoire de la révolution russe; volume 1,Books,39.0,M9051156,Y, ,Physical
Histoire de la r... russe; volume 2,Histoire de la révolution russe; volume 2,Books,39.0,M6764464,Y, ,Physical
History of American Trotskyism,History of American Trotskyism,Books,30.0,M5946092,Y, ,Physical
History of British Trotskyism,History of British Trotskyism,Books,29.0,M2266123,Y, ,Physical
History of Philo...xist Perspective,History of Philosophy: A Marxist Perspective,Books,29.0,M9850632,Y, ,Physical
History of the R...to Brest-Litovsk,History of the Russian Revolution to Brest-Litovsk,Books,14.0,M5987693,Y, ,Physical
History of the R...olution Volume 1,History of the Russian Revolution Volume 1,Books,30.0,M760621,Y, ,Physical
History of the R...olution Volume 2,History of the Russian Revolution Volume 2,Books,30.0,M5109044,Y, ,Physical
History of the R...olution Volume 3,History of the Russian Revolution Volume 3,Books,30.0,M6988034,Y, ,Physical
Housing Question,Housing Question,Books,7.0,M9100398,Y, ,Physical
Ideas of Karl Marx,Ideas of Karl Marx,Books,24.0,M1363091,Y, ,Physical
Imperialism: The...ge of Capitalism,Imperialism: The Highest Stage of Capitalism,Books,18.0,M7790521,Y, ,Physical
In Defence of Lenin,In Defence of Lenin,Books,70.0,M174692,Y, ,Physical
In Defence of Marxism,In Defence of Marxism,Books,30.0,M5055484,Y, ,Physical
In the Cause of Labour,In the Cause of Labour,Books,36.0,M4905485,Y, ,Physical
Independencia y ...clases en México,Independencia y Revolución: 200 años de lucha de clases en México,Books,18.0,M5884276,Y, ,Physical
Ireland: Republicanism & Revolution,Ireland: Republicanism & Revolution,Books,20.0,M8190341,Y, ,Physical
Kronstadt,Kronstadt,Books,25.0,M4159646,Y, ,Physical
L'État et la révolution,L'État et la révolution,Books,10.0,M3644011,Y, ,Physical
L'idéologie allemande,L'idéologie allemande,Books,25.0,M9900753,Y, ,Physical
L'Impérialisme s...e du capitalisme,L'Impérialisme stade suprême du capitalisme,Books,12.0,M5665749,Y, ,Physical
La lutte des Aut...ur le socialisme,La lutte des Autochtones et la lutte pour le socialisme,Books,8.0,M555193,Y, ,Physical
La maladie infan...le « gauchisme »,La maladie infantile du communisme : le « gauchisme »,Books,10.0,M324467,Y, ,Physical
La révolution allemande 1918-1923,La révolution allemande 1918-1923,Books,2.5,M3126321,Y, ,Physical
La révolution pr... renégat Kautsky,La révolution prolétarienne et le renégat Kautsky,Books,10.0,M3909699,Y, ,Physical
La Révolution trahie,La Révolution trahie,Books,15.0,M3223574,Y, ,Physical
Le socialisme en procès,Le socialisme en procès,Books,25.0,M5557591,Y, ,Physical
Lenin and Trotsk...Really Stood For,Lenin and Trotsky: What They Really Stood For,Books,23.0,M9199119,Y, ,Physical
Lenin on Trade Unions,Lenin on Trade Unions,Books,25.0,M3169885,Y, ,Physical
Lenin Selected W... Imperialist War,Lenin Selected Writings vol. 1: on Imperialist War,Books,34.0,M8764462,Y, ,Physical
Lenin Selected W...olutions of 1917,Lenin Selected Writings vol. 2: the Revolutions of 1917,Books,34.0,M5560719,Y, ,Physical
Lenin Selected W...ational Question,Lenin Selected Writings vol. 3: on The National Question,Books,34.0,M4383524,Y, ,Physical
Leon Trotsky on China,Leon Trotsky on China,Books,45.0,M3130750,Y, ,Physical
Leon Trotsky on France,Leon Trotsky on France,Books,30.0,M5469166,Y, ,Physical
Les idées de Karl Marx,Les idées de Karl Marx,Books,2.5,M8757071,Y, ,Physical
Les Luttes de classes en France,Les Luttes de classes en France,Books,35.0,M9654907,Y, ,Physical
L’Origine de la ...vée et de l’État,L’Origine de la famille de la propriété privée et de l’État,Books,3.75,M1992065,Y, ,Physical
Manifiesto del Partido Communista,Manifiesto del Partido Communista,Books,13.0,M3193653,Y, ,Physical
Manuscrits de 1844,Manuscrits de 1844,Books,20.0,M3319015,Y, ,Physical
Marx and Engels ...Works: Volume 21,Marx and Engels Collected Works: Volume 21,Books,20.0,M1363461,Y, ,Physical
Marx and Engels ...Works: Volume 22,Marx and Engels Collected Works: Volume 22,Books,20.0,M5878095,Y, ,Physical
Marx and Engels ...es: Volume Three,Marx and Engels Selected Works in Three Volumes: Volume Three,Books,20.0,M5750320,Y, ,Physical
Marx and Engels ...umes: Volume Two,Marx and Engels Selected Works in Three Volumes: Volume Two,Books,20.0,M7557911,Y, ,Physical
Marx Engels Leni... the Proletariat,Marx Engels Lenin: On the Dictatorship of the Proletariat,Books,20.0,M1967546,Y, ,Physical
Marx works on France Trilogy,Marx works on France Trilogy,Books,69.0,M6064801,Y, ,Physical
Marxism and Anarchism,Marxism and Anarchism,Books,31.0,M8089054,Y, ,Physical
Marxism and the USA,Marxism and the USA,Books,26.0,M5535944,Y, ,Physical
Marxism vs Ident...fight oppression,Marxism vs Identity Politics: How to fight oppression,Books,10.0,M7504812,Y, ,Physical
Marxisme vs Poli...tre l'oppression,Marxisme vs Politiques identitaires : Comment lutter contre l'oppression,Books,10.0,M2746372,Y, ,Physical
Materialism & Empirio-Criticism,Materialism & Empirio-Criticism,Books,36.0,M5974589,Y, ,Physical
Military Writings,Military Writings,Books,25.0,M7498839,Y, ,Physical
Misère de la Philosophie,Misère de la Philosophie,Books,20.0,M7122970,Y, ,Physical
My Life,My Life,Books,37.0,M5885731,Y, ,Physical
Not Guilty: The ...ommission Report,Not Guilty: The Dewey Commission Report,Books,30.0,M9348520,Y, ,Physical
Notes critiques ...estion nationale,Notes critiques sur la question nationale,Books,8.5,M6974116,Y, ,Physical
Origin of the Fa...ty and the State,Origin of the Family Private Property and the State,Books,24.0,M7867170,Y, ,Physical
Peasant War in Germany,Peasant War in Germany,Books,20.0,M2326,Y, ,Physical
Permanent Revolu...ts and Prospects,Permanent Revolution and Results and Prospects,Books,29.0,M3820605,Y, ,Physical
Permanent Revolu...in Latin America,Permanent Revolution in Latin America,Books,36.0,M3001684,Y, ,Physical
Poverty of Philosophy,Poverty of Philosophy,Books,10.0,M5262972,Y, ,Physical
PRE-ORDER: Democ...les in the 1930s,PRE-ORDER: Democracy Bonapartism and Fascism: Class Struggles in the 1930s,Books,34.0,M4910222,Y, ,Physical
Problems of Everyday Life,Problems of Everyday Life,Books,30.0,M5591512,Y, ,Physical
Que faire?,Que faire?,Books,15.0,M8586027,Y, ,Physical
Reason in Revolt,Reason in Revolt,Books,36.0,M6292933,Y, ,Physical
Rébellion Teamsters,Rébellion Teamsters,Books,25.0,M3603928,Y, ,Physical
Réforme sociale ou révolution?,Réforme sociale ou révolution?,Books,8.0,M7227406,Y, ,Physical
Reformism or Revolution,Reformism or Revolution,Books,30.0,M3910998,Y, ,Physical
Revolution and C...olution in Spain,Revolution and Counter-Revolution in Spain,Books,30.0,M9494510,Y, ,Physical
Revolution Betrayed,Revolution Betrayed,Books,30.0,M5377549,Y, ,Physical
Revolutionary Le...f Rosa Luxemburg,Revolutionary Legacy of Rosa Luxemburg,Books,10.0,M2338553,Y, ,Physical
Revolutionary Philosophy of Marxism,Revolutionary Philosophy of Marxism,Books,38.0,M1455603,Y, ,Physical
Russia: From Rev...unter-Revolution,Russia: From Revolution to Counter-Revolution,Books,36.0,M2127420,Y, ,Physical
Socialism On Trial,Socialism On Trial,Books,25.0,M6582654,Y, ,Physical
Spain's Revoluti...e Great Betrayal,Spain's Revolution Against Franco: The Great Betrayal,Books,36.0,M9809936,Y, ,Physical
Stalin,Stalin,Books,60.0,M5680920,Y, ,Physical
Staline,Staline,Books,60.0,M3013797,Y, ,Physical
State and Revolution,State and Revolution,Books,14.0,M4955194,Y, ,Physical
Struggle Against Fascism in Germany,Struggle Against Fascism in Germany,Books,40.0,M3268006,Y, ,Physical
Struggle for a Proletarian Party,Struggle for a Proletarian Party,Books,30.0,M765091,Y, ,Physical
Teamster Rebellion,Teamster Rebellion,Books,30.0,M7601850,Y, ,Physical
Ted Grant Selected Works: Volume 1,Ted Grant Selected Works: Volume 1,Books,30.0,M9744706,Y, ,Physical
Ted Grant Selected Works: Volume 2,Ted Grant Selected Works: Volume 2,Books,30.0,M5675776,Y, ,Physical
Ted Grant Writings Volume 1,Ted Grant Writings Volume 1,Books,35.0,M9288709,Y, ,Physical
Ted Grant Writings Volume 2,Ted Grant Writings Volume 2,Books,35.0,M8918792,Y, ,Physical
Ted Grant: The P...nt Revolutionary,Ted Grant: The Permanent Revolutionary,Books,30.0,M232555,Y, ,Physical
The Civil War in France,The Civil War in France,Books,23.0,M6038215,Y, ,Physical
The Class Strugg...rance: 1848-1850,The Class Struggles in France: 1848-1850,Books,23.0,M4693298,Y, ,Physical
The Eighteenth B... Louis Bonaparte,The Eighteenth Brumaire of Louis Bonaparte,Books,23.0,M9847195,Y, ,Physical
Their Morals and Ours,Their Morals and Ours,Books,20.0,M8806182,Y, ,Physical
Third International After Lenin,Third International After Lenin,Books,30.0,M1320309,Y, ,Physical
Trotsky's Writings on Britain,Trotsky's Writings on Britain,Books,60.0,M3153320,Y, ,Physical
Two Tactics of Social Democracy,Two Tactics of Social Democracy,Books,10.0,M9606370,Y, ,Physical
Unbroken Thread,Unbroken Thread,Books,10.0,M2230590,Y, ,Physical
Understanding Marx's Capital,Understanding Marx's Capital,Books,29.0,M7227824,Y, ,Physical
Vida e Ideas de Karl Marx,Vida e Ideas de Karl Marx,Books,26.0,M476417,Y, ,Physical
What is Marxism?,What is Marxism?,Books,24.0,M9644308,Y, ,Physical
What is to be done?,What is to be done?,Books,24.0,M4117210,Y, ,Physical
Where is Britain going?,Where is Britain going?,Books,15.0,M8402874,Y, ,Physical
Women and the Family,Women and the Family,Books,19.0,M9476842,Y, ,Physical
Women Family and...ssian Revolution,Women Family and the Russian Revolution,Books,34.2,M3291750,Y, ,Physical
Beethoven : L'ho... révolutionnaire,Beethoven : L'homme le compositeur le révolutionnaire,Booklets,5.0,M9910811,Y, ,Physical
Black Struggle a...alist Revolution,Black Struggle and the Socialist Revolution,Booklets,5.0,M1636432,Y, ,Physical
China's Long March to Capitalism,China's Long March to Capitalism,Booklets,5.0,M6310634,Y, ,Physical
Chostakovitch : ...révolution russe,Chostakovitch : La conscience musicale de la révolution russe,Booklets,5.0,M8062835,Y, ,Physical
Classe parti et ...r une révolution,Classe parti et direction : comment organiser une révolution,Booklets,5.0,M6193785,Y, ,Physical
Climate Crisis a...Marxist Solution,Climate Crisis and the Marxist Solution,Booklets,5.0,M8923372,Y, ,Physical
Communism or Mutual Aid?,Communism or Mutual Aid?,Booklets,5.0,M7041350,Y, ,Physical
Communist Manifesto,Communist Manifesto,Booklets,5.0,M6591024,Y, ,Physical
Conflict in Ukra...Marxist Analysis,Conflict in Ukraine: A Marxist Analysis,Booklets,5.0,M1416493,Y, ,Physical
Critique marxist...France insoumise,Critique marxiste du programme de la France insoumise,Booklets,5.0,M327521,Y, ,Physical
FAQ: Marxism Bol...m and Mutual Aid,FAQ: Marxism Bolshevism and Mutual Aid,Booklets,5.0,M9062427,Y, ,Physical
Fascism: What it... how to fight it,Fascism: What it is and how to fight it,Booklets,5.0,M5315725,Y, ,Physical
Historic Signifi...ons of 1837-1838,Historic Significance of the Rebellions of 1837-1838,Booklets,5.0,M3361106,Y, ,Physical
Historical Origi...tionary Marxists,Historical Origins of the Iranian Revolution and the Tasks of the Revolutionary Marxists,Booklets,5.0,M4595640,Y, ,Physical
How Marxists Use Bourgeois Elections,How Marxists Use Bourgeois Elections,Booklets,5.0,M1125909,Y, ,Physical
How to Organize ...other selections,How to Organize Revolution: The Class the Party and the Leadership and other selections,Booklets,5.0,M5864454,Y, ,Physical
How to Win Strikes (US edition),How to Win Strikes (US edition),Booklets,5.0,M8468512,Y, ,Physical
How To Win Strikes!,How To Win Strikes!,Booklets,5.0,M7423910,Y, ,Physical
If America Should Go Communist,If America Should Go Communist,Booklets,5.0,M6170006,Y, ,Physical
In Memory of Leon Trotsky,In Memory of Leon Trotsky,Booklets,5.0,M9401941,Y, ,Physical
Indigenous Strug...ht for Socialism,Indigenous Struggle and the Fight for Socialism,Booklets,5.0,M441264,Y, ,Physical
INTERNAL ONLY RCP Member's Handbook,INTERNAL ONLY RCP Member's Handbook,Booklets,3.0,M6801113,Y, ,Physical
Introduction au ...on au socialisme,Introduction au marxisme #1: Introduction au socialisme,Booklets,5.0,M5190958,Y, ,Physical
Introduction au ...lisme historique,Introduction au marxisme #2: Introduction au matérialisme historique,Booklets,5.0,M9324364,Y, ,Physical
Introduction au ...conomie marxiste,Introduction au marxisme #3 : Introduction à l'économie marxiste,Booklets,5.0,M9216850,Y, ,Physical
Introduction au ...osophie marxiste,Introduction au marxisme #4: Introduction à la philosophie marxiste,Booklets,5.0,M5039603,Y, ,Physical
Introduction au ...sme (Collection),Introduction au marxisme (Collection),Booklets,16.0,M1059333,Y, ,Physical
Introduction to ...ical Materialism,Introduction to Dialectical Materialism,Booklets,5.0,M9499900,Y, ,Physical
IT'S UP TO US! Manifesto of the CSN,IT'S UP TO US! Manifesto of the CSN,Booklets,5.0,M3746155,Y, ,Physical
La conception ma...t la révolution),La conception marxiste de L'État (Compléments à L'État et la révolution),Booklets,4.0,M269480,Y, ,Physical
La crise climati...olution marxiste,La crise climatique et la solution marxiste,Booklets,5.0,M6264741,Y, ,Physical
La libération de...ctive communiste,La libération de la Palestine : Une perspective communiste,Booklets,5.0,M2601574,Y, ,Physical
La montée du sta...Union soviétique,La montée du stalinisme et la dégénérescence de l'Union soviétique,Booklets,5.0,M2912385,Y, ,Physical
La presse révolutionnaire,La presse révolutionnaire,Booklets,5.0,M2589508,Y, ,Physical
La rébellion des Patriotes,La rébellion des Patriotes,Booklets,5.0,M1708904,Y, ,Physical
La révolution d'Octobre (PDF),La révolution d'Octobre (PDF),Booklets,2.0,M6937607,Y, ,Physical
Le marxisme et l...ation des femmes,Le marxisme et l'émancipation des femmes,Booklets,8.0,M559817,Y, ,Physical
Le programme de l'Internationale,Le programme de l'Internationale,Booklets,5.0,M2092119,Y, ,Physical
Le Programme de transition,Le Programme de transition,Booklets,5.0,M2145756,Y, ,Physical
Lenin on the National Question,Lenin on the National Question,Booklets,5.0,M6133844,Y, ,Physical
Lénine sur la question nationale,Lénine sur la question nationale,Booklets,5.0,M3536564,Y, ,Physical
Les leçons d'Octobre,Les leçons d'Octobre,Booklets,4.0,M2398012,Y, ,Physical
Lessons from the...st International,Lessons from the Communist International,Booklets,5.0,M6739991,Y, ,Physical
Lessons of Chile 1973,Lessons of Chile 1973,Booklets,5.0,M8974320,Y, ,Physical
Lessons of October,Lessons of October,Booklets,5.0,M1056902,Y, ,Physical
Louis Riel and the Métis Revolution,Louis Riel and the Métis Revolution,Booklets,5.0,M8234752,Y, ,Physical
Manifeste de l'I... révolutionnaire,Manifeste de l'Internationale communiste révolutionnaire,Booklets,10.0,M1618311,Y, ,Physical
Manifeste de la ...s propres moyens,Manifeste de la CSN : Ne comptons que sur nos propres moyens,Booklets,5.0,M7839415,Y, ,Physical
Manifeste du Parti communiste,Manifeste du Parti communiste,Booklets,5.0,M4880766,Y, ,Physical
Manifesto of the...st International,Manifesto of the Revolutionary Communist International,Booklets,10.0,M288267,Y, ,Physical
Marxism and Religion,Marxism and Religion,Booklets,5.0,M859464,Y, ,Physical
Marxism and Terrorism,Marxism and Terrorism,Booklets,10.0,M11885,Y, ,Physical
Marxism and the Black Panther Party,Marxism and the Black Panther Party,Booklets,5.0,M6120734,Y, ,Physical
Marxism and the ...ipation of Women,Marxism and the Emancipation of Women,Booklets,5.0,M3013276,Y, ,Physical
Marxism Mutual Aid and Direct Action,Marxism Mutual Aid and Direct Action,Booklets,5.0,M5474437,Y, ,Physical
Marxisme et anarchisme,Marxisme et anarchisme,Booklets,6.0,M5901495,Y, ,Physical
Marxisme et syndicalisme,Marxisme et syndicalisme,Booklets,5.0,M1688369,Y, ,Physical
Marxist Economic...apitalist Crisis,Marxist Economics and Capitalist Crisis,Booklets,5.0,M4340499,Y, ,Physical
Perpectives for ...he United States,Perpectives for Revolutionary Socialism in the United States,Booklets,5.0,M7064050,Y, ,Physical
POUR MEMBRES SEU...s membres du PCR,POUR MEMBRES SEULEMENT - Guide des membres du PCR,Booklets,3.0,M7134828,Y, ,Physical
Programme of the International,Programme of the International,Booklets,5.0,M6544034,Y, ,Physical
Qu'est ce que le...nt le combattre?,Qu'est ce que le fascisme et comment le combattre?,Booklets,5.0,M2330101,Y, ,Physical
Reform or Revolution,Reform or Revolution,Booklets,5.0,M7985409,Y, ,Physical
Revolutionary Press,Revolutionary Press,Booklets,5.0,M7280349,Y, ,Physical
Révolutions françaises,Révolutions françaises,Booklets,5.0,M8670846,Y, ,Physical
Rise of Stalinis...the Soviet Union,Rise of Stalinism: The degeneration of the Soviet Union,Booklets,5.0,M5493463,Y, ,Physical
Salaire prix et profit,Salaire prix et profit,Booklets,5.0,M1554524,Y, ,Physical
Socialism Made Easy,Socialism Made Easy,Booklets,5.0,M2836554,Y, ,Physical
Socialism: Utopian and Scientific,Socialism: Utopian and Scientific,Booklets,5.0,M652451,Y, ,Physical
Socialisme utopi...sme scientifique,Socialisme utopique et socialisme scientifique,Booklets,5.0,M4199434,Y, ,Physical
Textes sur la presse révolutionnaire,Textes sur la presse révolutionnaire,Booklets,20.0,M8526263,Y, ,Physical
The Civil War: A...econd Revolution,The Civil War: America's Second Revolution,Booklets,5.0,M7634873,Y, ,Physical
The Crimes of Br...ialism (LIMITED),The Crimes of British Imperialism (LIMITED),Booklets,20.0,M6962777,Y, ,Physical
The Fight for a Mass Workers' Party,The Fight for a Mass Workers' Party,Booklets,5.0,M802926,Y, ,Physical
The Fight to Free Palestine,The Fight to Free Palestine,Booklets,10.0,M5295894,Y, ,Physical
The Meaning of t...ssian Revolution,The Meaning of the Russian Revolution,Booklets,5.0,M4409402,Y, ,Physical
The Role of the Revolutionary Party,The Role of the Revolutionary Party,Booklets,5.0,M6718456,Y, ,Physical
The Spanish Revolution,The Spanish Revolution,Booklets,5.0,M9600573,Y, ,Physical
Transitional Pro...alist Revolution,Transitional Program for Socialist Revolution,Booklets,5.0,M9801636,Y, ,Physical
What Causes Capitalist Crisis?,What Causes Capitalist Crisis?,Booklets,5.0,M6088710,Y, ,Physical
What Is Boshevism?,What Is Boshevism?,Booklets,5.0,M9221155,Y, ,Physical
What is Historical Materialism?,What is Historical Materialism?,Booklets,5.0,M5861713,Y, ,Physical
What is Marxist Economics?,What is Marxist Economics?,Booklets,5.0,M1163586,Y, ,Physical
What Way Forward...uban Revolution?,What Way Forward for the Cuban Revolution?,Booklets,5.0,M2089549,Y, ,Physical
Why Socialism?,Why Socialism?,Booklets,5.0,M9520840,Y, ,Physical
Workers' Control and Nationalization,Workers' Control and Nationalization,Booklets,5.0,M8341979,Y, ,Physical
Communist Revolution Issue 15 - May,Communist Revolution Issue 15 - May,Communist Revolution,5.0,M9145505,Y, ,Physical
Communist Revolu...Issue 14 - April,Communist Revolution Issue 14 - April,Communist Revolution,5.0,M49063,Y, ,Physical
Communist Revolu...Issue 13 - March,Communist Revolution Issue 13 - March,Communist Revolution,5.0,M3989721,Y, ,Physical
Communist Revolu...ue 12 - February,Communist Revolution Issue 12 - February,Communist Revolution,5.0,M5098107,Y, ,Physical
Communist Revolu...s - Latest Issue,Communist Revolution Bundles - Latest Issue,Communist Revolution,20.0,M7532988,Y, ,Physical
Communist Revolu...ue 11 - December,Communist Revolution Issue 11 - December,Communist Revolution,5.0,M5841322,Y, ,Physical
Communist Revolu...ue 10 - November,Communist Revolution Issue 10 - November,Communist Revolution,5.0,M706153,Y, ,Physical
Communist Revolu...ssue 9 - October,Communist Revolution Issue 9 - October,Communist Revolution,5.0,M6992409,Y, ,Physical
Communist Revolu...ue 8 - September,Communist Revolution Issue 8 - September,Communist Revolution,5.0,M408452,Y, ,Physical
Communist Revolu...July/August 2024,Communist Revolution Issue 7 - July/August 2024,Communist Revolution,5.0,M6564771,Y, ,Physical
Communist Revolu...ue 6 - June 2024,Communist Revolution Issue 6 - June 2024,Communist Revolution,5.0,M8434399,Y, ,Physical
Communist Revolu...sue 5 - May 2024,Communist Revolution Issue 5 - May 2024,Communist Revolution,5.0,M2368577,Y, ,Physical
Communist Revolu...sue 4 - Apr 2024,Communist Revolution Issue 4 - Apr 2024,Communist Revolution,5.0,M6935233,Y, ,Physical
Communist Revolu...sue 3 - Mar 2024,Communist Revolution Issue 3 - Mar 2024,Communist Revolution,5.0,M4803997,Y, ,Physical
Communist Revolu...sue 2 - Feb 2024,Communist Revolution Issue 2 - Feb 2024,Communist Revolution,5.0,M4457574,Y, ,Physical
Communist Revolu...sue 1 - Jan 2024,Communist Revolution Issue 1 - Jan 2024,Communist Revolution,5.0,M1011780,Y, ,Physical
